-- MySQL dump 10.13  Distrib 8.0.31, for Win64 (x86_64)
--
-- Host: 127.0.0.1    Database: bobr_city
-- ------------------------------------------------------
-- Server version	8.0.31

/*!40101 SET @OLD_CHARACTER_SET_CLIENT=@@CHARACTER_SET_CLIENT */;
/*!40101 SET @OLD_CHARACTER_SET_RESULTS=@@CHARACTER_SET_RESULTS */;
/*!40101 SET @OLD_COLLATION_CONNECTION=@@COLLATION_CONNECTION */;
/*!50503 SET NAMES utf8mb4 */;
/*!40103 SET @OLD_TIME_ZONE=@@TIME_ZONE */;
/*!40103 SET TIME_ZONE='+00:00' */;
/*!40014 SET @OLD_UNIQUE_CHECKS=@@UNIQUE_CHECKS, UNIQUE_CHECKS=0 */;
/*!40014 SET @OLD_FOREIGN_KEY_CHECKS=@@FOREIGN_KEY_CHECKS, FOREIGN_KEY_CHECKS=0 */;
/*!40101 SET @OLD_SQL_MODE=@@SQL_MODE, SQL_MODE='NO_AUTO_VALUE_ON_ZERO' */;
/*!40111 SET @OLD_SQL_NOTES=@@SQL_NOTES, SQL_NOTES=0 */;

--
-- Table structure for table `attractions`
--

DROP TABLE IF EXISTS `attractions`;
/*!40101 SET @saved_cs_client     = @@character_set_client */;
/*!50503 SET character_set_client = utf8mb4 */;
CREATE TABLE `attractions` (
  `Id` int NOT NULL AUTO_INCREMENT,
  `Name` char(200) DEFAULT NULL,
  `Address` char(200) DEFAULT NULL,
  `Content` varchar(5000) DEFAULT NULL,
  `latitude` float DEFAULT NULL,
  `longitude` float DEFAULT NULL,
  `Visited` int NOT NULL DEFAULT '0',
  PRIMARY KEY (`Id`),
  UNIQUE KEY `attractions_Id_uindex` (`Id`)
) ENGINE=InnoDB AUTO_INCREMENT=33 DEFAULT CHARSET=utf8mb4 COLLATE=utf8mb4_0900_ai_ci;
/*!40101 SET character_set_client = @saved_cs_client */;

--
-- Dumping data for table `attractions`
--

LOCK TABLES `attractions` WRITE;
/*!40000 ALTER TABLE `attractions` DISABLE KEYS */;
INSERT INTO `attractions` VALUES (1,'Бобруйская крепость','ул. Карбышева 11','Бобруйская крепость - старейший памятник истории и архитектуры города. Решение о ее строительстве принято российским императором Александром I. Автором проекта стал граф Карл Иванович Опперман - генерал-лейтенант, инспектор инженерного корпуса русской армии. Строительство крепости началось в 1810 году, к середине 1812 года основные фортификационные сооружения были, в основном, завершены.\\nЦитадель в плане - многоугольник, сомкнутый насыпным валом со стороны реки Березина. Основная оборонительная линия крепости состояла из 8 бастионов. Долговременные оборонительные постройки сделаны из кирпича, имели сводчатые перекрытия, бойницы. \\nНа территории Беларуси такого типа крепостей имелось только две - Бобруйская и Брестская. Бобруйская крепость - свидетель событий 1812 года, декабристского движения, гражданской и Великой Отечественной войн. «Ни одна крепость в России никогда не была столь полезной, как Бобруйск в 1812 году» - писал генерал-майор А.И.Михайловский-Данилевский в книге «Герои Отечественной войны».\\nСохранившиеся до настоящего времени крепостные сооружения являются памятниками инженерного искусства, военные и гражданские здания на территории крепости - памятниками архитектуры стиля «классицизм». ',53.1424,29.2469,0),(2,'Мемориальный комплекс','пл. Победы','В 1944 году здесь был захоронен командир 9-го танкового корпуса генерал-майор Бахаров Борис Сергеевич, освобождавший наш город от немецко-фашистских захватчиков. На могиле установлен памятник-танк Т-34, башенный номер 300, калибр пушки 76 мм, на стволе пушки 10 звездочек - количество уничтоженных танков противника.\nРядом с памятником-танком похоронены К.К.Воробьев, Г.Н.Логачев, Н.И.Барышев, братья Аркадий и Анатолий Прибыльские.\nВ 1958 году на могилах погибших воинов были установлены обелиски. В 1985 году к 40-летию Победы произведена реконструкция площади Победы и мемориального комплекса. Сегодняшний облик мемориальный комплекс и площадь Победы приобрели после реконструкции, произведенной в 2005 году к 60-летию Победы.',53.1357,29.2263,0),(3,'Памятник В.И. Ленину','площадь им. В.И. Ленина','Установлен в 1969 году на центральной площади города. Скульптор П.Белоусов, архитектор Н.Мызников. Изготовлен из бронзы, черного лабродарита, бетона.\nМонументальная пластика, выразительность силуэта, удачно найденный масштаб ставят памятник в ряд лучших произведений монументального искусства на Могилевщине.',53.1458,29.2249,0),(4,'Селище','район «Дедново»','Памятник археологии конца второй четверти первого тысячелетия нашей эры, Х-ХIII в.в., находится на юго-западной окраине города (район Дедново), на первой надпойменной террасе левого берега реки Бобруйка. Занимает площадь примерно 600х300 м. Селище выявлено в 1978 г. сотрудником института истории НАН Беларуси, археологом П.Ф.Лысенко, обследовано в 1987 г. сотрудником института истории НАН Беларуси, археологом Н.Н.Дубицкой. В 1996-1999 гг. археологические изыскания и раскопки проводила сотрудник института истории НАН Беларуси, археолог А.В.Ильютик. Количество предметов, найденных в культурном слое поселения, насчитывает около 15 000 единиц. Это фрагменты лепной и гончарной посуды, глиняные пряслица, железные фибулы и др. Особо ценной находкой является медная древнеримская монета, отчеканенная в период правления римского императора Марка Аврелия (161-180 г.г.). Найденные предметы находятся на хранении в фондах учреждения культуры «Бобруйский краеведческий музей».',53.128,29.1693,0),(5,'Здание','ул.Советская, 79',' Построено в начале ХХ столетия. Памятник архитектуры стиля «модерн». Здание одноэтажное, кирпичное, П-образное в плане. Симметрично-осевая композиция главного оштукатуренного фасада подчёркнута тремя ризалитами (от итал. risalita - выступ), на которых расположено по два арочных окна. Плоскости стен ризалитов окрашены в разные цвета. Ризалиты завершены треугольными аттиками (аттик- стенка над венчающим архитектурное сооружение карнизом, часто украшенная рельефами и надписями) с нишами и лепным декором. Центральный ризалит имеет три арочных окна и арочный вход. Над окнами во всех ризалитах находятся лепные маски. Окна в простенках между ризалитами прямоугольные, обрамлённые наличниками с лепными украшениями.\nСегодняшний облик здание приобрело после реставрации в 1996 году. В настоящее время здесь размещается учреждение здравоохранения «Городская детская стоматологическая поликлиника». ',53.1373,29.2245,0),(6,'Здание банка','ул.Советская 77/48','Построено в начале ХХ века. Памятник архитектуры стиля «модерн». Здание двухэтажное, кирпичное, Г-образное в плане. Каждый фасад имеет неглубокий ризалит, оконные проёмы прямоугольные. Ризалит со стороны ул. Советской имеет большое прямоугольное окно, которое объединяет верхний и половину нижнего этажей. Ризалит со стороны ул. Московской выделен прямоугольными окнами в верхнем этаже и спаренными арочными в нижнем. Угловая часть здания подчёркнута входным арочным порталом и завершённым небольшой усечённой башенкой.\nДо революции здесь размещался один из коммерческих банков города. В настоящее время располагается один из корпусов Бобруйского филиала учреждения образования «Белорусский государственный экономический университета».',53.1366,29.2246,0),(7,'Бывший городской особняк','ул. Советская, 45','Построено в 1914 году. Памятник архитектуры стиля «эклектика». Здание двухэтажное, кирпичное, Г-образное в плане. Центр главного фасада выделен порталом, завершённым треугольным фронтоном. Элемент ассиметрии в композицию главного фасада вносит ризалит в месте соединения крыльев здания. Планировка коридорная. Парадная лестница - в центре крыла, выходящего на улицу Советская.\nВ настоящее время в здании размещается Центр технического творчества учащихся отдела образования администрации Ленинского района г. Бобруйска.\n\n',53.1327,29.225,0),(8,'Бывший городской особняк','ул. Пушкина, 211','Построено в 1912 году. Памятник архитектуры стиля «эклектика». Здание одноэтажное, кирпичное, Г-образное в плане. Архитектурный декор сконцентрирован на главном фасаде, который имеет симметрично-осевую композицию. Центральный ход оформлен двухколонным аттиковым портиком. По бокам здания расположены ризалиты, украшенные лепными масками. Планировка коридорно - анфиладная. Арочный проём главного вестибюля украшен лепными украшениями. Центральный зал на дворовом фасаде выступает полукругом. В интерьере 6 печей и каминов, облицованных цветными орнаментированными изразцами.\n\n',53.1407,29.2218,0),(9,'Здание','ул. Интернациональная, 25',' Построено в 1912 году. Памятник архитектуры стиля «модерн». Здание одноэтажное, деревянное, Г-образное в плане, завершено двускатной крышей. Главный фасад декорирован двумя двухэтажными башнями с шатрами. В центре выделяется круглая мансарда с выходом на балкон. Планировка коридорного типа с двусторонним размещением разных по размеру помещений.\nДо революции дом принадлежал купчихе-мещанке Кацнельсон. Позже в нем находился Бобруйский уездный революционный комитет - временный орган местной власти, созданный в ноябре 1918 года во время освобождения Бобруйска от войск империалистической Германии (председатель ревкома - П.Ф.Ревинский). В 1958 году в память о деятельности комитета на здании установлена мемориальная доска.\nВ настоящее время здесь располагается центральная библиотека Бобруйского района.',53.1393,29.2214,0),(10,'Мемориал в честь воинов, погибших при освобождении г.Бобруйска от немецко-фашистских захватчиков в июне 1944 года','ул.Минская','Открыт 3 июля 1999 года. Художественная концепция разработана лауреатом Государственной премии, заслуженным работником культуры БССР, действительным членом Парижской академии гуманитарных наук в области архитектуры Э.К.Агуновичем.\nВ 1965 году на братской могиле советских воинов, погибших за освобождение г. Бобруйска от немецко-фашистских оккупантов в ходе Бобруйской наступательной операции, поставлен обелиск и 2 стелы с именами похороненных. В 1974 г. - дополнительно две наклоненные плиты, а в 1994 г. - ещё 4. В 1998 году принято решение о проектировании и реконструкции памятника на братской могиле. \nМемориал выполнен в виде открытой книги, расположенной полукругом, на страницах которой увековечены имена 938 погибших героев.\nВерхняя часть памятника исполнена в виде пантеона и имеет вид полусферы, вход оформлен аркой - вратами. На 10 опорах высотой 21 метр закреплён конный памятник, первый в Беларуси, высотой 5,5 м. В центре композиции фигура святого Георгия Победоносца в форме советского солдата, пронзающего фашистскую свастику в виде змея-аспида. Автор скульптуры Г.В.Буралкин, член Союза художников Республики Беларусь, скульптор. При изготовлении мемориала использованы алюминий и бронза.',53.1607,29.2116,0),(11,'Братская могила советских воинов, погибших в годы Великой Отечественной войны при освобождении г. Бобруйска «Вечный огонь»','пос. Еловики','В братской могиле похоронены 117 воинов, погибших в боях при освобождении нашего города от немецко-фашистских захватчиков в июне 1944 года. В 1970 году на могиле поставлен памятник - соединённые под углом стелы (в виде развёрнутой книги) с именами погибших. В 1975 году зажжён Вечный огонь.\n\n',53.1865,29.1854,0),(12,'Памятник партизанам и подпольщикам г. Бобруйска, погибшим в годы Великой Отечественной войны','ул.Интернациональная, 38','Установлен в 1967 году на могиле партизан и подпольщиков г.Бобруйска,\nпогибших в годы Великой Отечественной войны.\nВ годы оккупации на территории Бобруйска действовало 17 подпольных групп. За это время подпольщики вывели из города и окружающих населенных пунктов в партизанские отряды около 4 тысяч человек. Более 300 участников подполья пополнили партизанские ряды. Несмотря на массовые аресты и террор подпольное движение в Бобруйске действовало до освобождения города войсками Красной Армии.\nПамятник партизанам и подпольщикам исполнен в виде колонны, завершенной изображением пятиконечной звезды в обрамлении венка.\nУстановлен в городском парке культуры и отдыха.',53.1394,29.2134,0),(13,'Памятник в честь войсковых частей и соединений, отличившихся при освобождении г. Бобруйска','сквер, ул. Социалистическая','Установлен в 1965 году.\nВ июне 1944 г. войска 1-го Белорусского фронта разгромили немецко-фашистских захватчиков в районе Бобруйска, 29 июня 1944 года город был освобожден. В ходе операции отличились 108-я, 250-я и 348-я стрелковые дивизии; 9-ый танковый корпус; 95-я, 108-я танковые и 8-я мотострелковые бригады; 313-ый гвардейский миномётный полк 3-й армии; 17-я и 137-я стрелковые дивизии; 42-ой отдельный линейный танковый и 1987-ой самоходный артиллерийский полки 48-й армии; 115-я отдельная стрелковая бригада; 311-ый гвардейский миномётный и 922-й самоходный артиллерийский полки 65-й армии; 3-й бомбардировочный и 8-й истребительный авиационные корпусы 16-й воздушной армии; 1-я бригада речных кораблей и 2-й отдельный гвардейский дивизион бронекатеров Днепровской военной флотилии; 66-й отдельный полк связи 1-го Белорусского фронта.\nПриказом Верховного Главнокомандующего Вооружённых Сил СССР от 5 июля 1944 года этим войсковым частям и соединениям присвоены почётные звания «Бобруйских».',53.1362,29.227,0),(14,'Памятник воинам 1-го Белорусского фронта, освободившим город от немецко-фашистских захватчиков','ул. Социалистическая, правый берег реки Березина','Установлен в 1954 году к 10-летию освобождения Беларуси и города Бобруйска от немецко-фашистских захватчиков.\nВ конце июня 1944 года войсками 1-го Белорусского фронта под командованием генерала армии К.К.Рокоссовского успешно проведена операция по окружению и разгрому бобруйской группировки войск противника. В знаменитый «Бобруйский котел» попало около 40 тысяч вражеских солдат и офицеров. В операции принимали участие части 3-й, 28-й, 48-й, 65-й общевойсковых и 16-й воздушной армий, конно-механизированная группа, Днепровская военная флотилия, партизаны. 29 июня 1944 года город был полностью освобождён.',53.154,29.2483,0),(15,'Памятник воинам-интернационалистам','ул. Социалистическая','Открыт в 1998 году. Автор проекта Э.К.Агунович. Скульптор - В.Слободчиков.\nПамятник установлен в честь воинов-бобруйчан, погибших при исполнении интернационального долга в различных странах мира.\nНа гранитном основании памятника расположена звезда, между лучами которой выбиты фамилии 17 воинов, на обратной стороне основания - названия стран, в которых воины-земляки исполняли интернациональный долг. К композиционному центру примыкают скульптурные изображения 6 женских фигур, скорбящих о погибших родных.\nПамятник отлит из бронзы.',54.2564,28.5058,0),(16,'Памятный знак в честь бобруйчан, погибших на фронтах и в тылу врага в годы Великой Отечественной войны','пл. Победы','Открыт 9 мая 2005 года к 60-летию Победы советского народа в Великой Отечественной войне.\nАвтор проекта Э.К.Агунович.\nПамятный знак выполнен в виде пятиконечной звезды. На центральном луче указаны фамилии 8810 бобруйчан, погибших в годы Великой Отечественной войны. В центре звезды, над курганом, возвышается символ вечного огня, обрамленный венком из дубовых листьев.\nПри изготовлении памятного знака использован гранит, цветная латунь.\n\n',53.1357,29.2263,0),(17,'Мемориальный памятный знак в честь моряков Днепровской военной флотилии, принимавших участие и погибших при освобождении г. Бобруйска','на пересечении ул. Ленина и Шмидта','Открыт 9 мая 2005 г. к 60-летию Победы советского народа в Великой Отечественной войне.\nАвтор проекта Э.К. Агунович.\nНа бетонной колонне, срезанной под углом 45* в направлении моста через реку Березина расположен якорь, изготовленный из стали, используемой для обшивки боевых катеров Днепровской военной флотилии. На колонне установлена мемориальная доска с надписью: \"Морякам Днепровской военной флотилии, погибшим при освобождении г. Бобруйска\".',53.1592,29.234,0),(18,'Памятный знак «Аллея Праведников»','ул. Социалистическая','Открытие Аллеи Праведников состоялось 3 июля 2005 года. Автор проекта архитектор Г.Левина.\nЗвание Праведника мира присваивается людям, спасавшим евреев в годы немецкой оккупации. В их честь посажены деревья, которые и образуют аллею. На камнях, расположенных по обеим сторонам дорожки, высечены фамилии и имена 15-ти бобруйчан, которым присвоено такое звание. Венчает Аллею Праведников памятный знак из красного камня, напоминающий и крону дерева, и сердце, разбитое пополам.',53.1424,29.2267,0),(19,'Бюст белорусскому драматургу В.И. Дунину-Марцинкевичу','ул. Социалистическая, 106','Бюст белорусскому драматургу В.И.Дунину-Марцинкевичу установлен у здания учреждения культуры \"Могилевский областной театр драмы и комедии им. В.И.Дунина-Марцинкевича\". Изготовлен из белого мрамора.\nВ.И.Дунин-Марцинкевич - уроженец Бобруйского района, основоположник новой белорусской литературы, профессиональной драматургии, сценического искусства. В числе наиболее известных его произведений пьесы «Пінская шляхта», «Залеты», «Сялянка», повести « Гапон», «Шчауроускія дажынкі\" и др.\nПостановлением Совета Министра БССР в 1977 году имя В.И.Дунина-Марцинкевича присвоено Могилевскому областному театру драмы и комедии в г.Бобруйске.',53.1432,29.2285,0),(20,'Бюст В.З.Хоружей','ул. Пушкина,245','Установлен в 1971 году у здания средней школы № 27. Скульптор - Б.В.Ивонтьев.\nГерой Советского Союза В.З.Хоружая - уроженка г. Бобруйска, деятель революционного движения в Западной Белоруссии, организатор и руководитель коммунистического подполья в г. Витебске в годы Великой Отечественной войны.\nБюст изготовлен из бетона. Высота бюста 1 метр, постамента - 3 метра. Портрет исполнен в реалистических традициях.\n\n',53.1473,29.2261,0),(21,'Бюст народному артисту Беларуси, белорусскому композитору В.В.Оловникову','ул. Ульяновская, 35-а','Установлен в 2001 году у здания детской музыкальной школы № 2 им. В.В.Оловникова.\nНародный артист Беларуси, композитор В.В.Оловников - уроженец г. Бобруйска, выпускник детской музыкальной школы № 1 г. Бобруйска. В числе наиболее известных его произведений песни \"Радзіма мая дарагая\", \"Лясная песня\", \"Песня аб Мінску\", песни о Героях Великой Отечественной войны Л.Доваторе, К.Заслонове, Д. Карбышеве, музыкальные поэмы \"Партизанская быль\", \"Нарочь\", сюита Песни мира\" и др.\nУказом Президента Республики Беларусь в 1997 году имя В.В.Оловникова присвоено детской музыкальной школе № 2 г. Бобруйска.',53.1639,29.1908,0),(22,'Гостиница \"Бобруйск\"','ул. Советская 97/26','Построена в 1958 году. Автор проекта архитектор В.Зайцев.\nЗдание отражает основное направление монументальной гражданской архитектуры Беларуси 1950-х годов. Состоит из трёх объёмов: главного 4-х этажного, полукруглого в плане, и 2-х трехэтажных, примыкающих к главному со стороны улиц Пролетарской и Советской. Главный фасад фланкирован двумя ризалитами. Центральный вход и 4-й этаж выделены арочными проёмами. На первом этаже находится вестибюль, административные и бытовые помещения. В центральной части - парадная лестница. В боковых крыльях вокруг коридоров размещены жилые номера.\nГостиница \"Бобруйск\" - своеобразная визитная карточка Бобруйска - расположена в центре старого города.',53.1427,29.2245,0),(23,'Здание Бобруйского городского исполнительного комитета','пл. им. В.И.Ленина,1','Построено Построено в 1978 году. Авторы проекта архитекторы Ю.Шпит, К.Алексеев.\nЗдание 7 -этажное, на втором этаже расположен конференц-зал на 400 мест. Фасады отделаны декоративной штукатуркой с мраморной крошкой и натуральным камнем. В оформлении интерьера использован натуральный камень и ценные породы деревьев. Выразительность главному фасаду придают вертикальные рёбра ломаного контура. По планировочной структуре исполнено как универсальное административное здание коридорного типа.\nЗдание является доминантой застройки площади Ленина и вместе с памятником В.И. Ленину составляет единую объёмно-пространственную композицию. 1978 году. Авторы проекта архитекторы Ю.Шпит',53.1464,29.2231,0),(24,'Здание\n',' ул. Социалистическая, 119','Построено в начале ХХ века. Трехэтажное кирпичное здание. Фасад раскрепован междуэтажными поясами, декорирован лопатками с нишами, разнообразным оформлением окон, подоконными нишами, рустованными обрамлениями одного из входов. Окна на фасаде имеют лучковые перемычки.\nС 1906 года в здании располагалась Алексеевская женская гимназия, которая получила наименование \"в ознаменование высокорадостного события - рождения его императорского высочества государя-наследника цесаревича и Великого князя Алексея Николаевича\". В 1906 г. было 7 основных классов. В послевоенные годы в здании располагалось Бобруйское педучилище, затем на его базе в 1949 году - Бобруйский учительский институт. В настоящее время здесь располагается один из корпусов учреждения образования \"Славянская гимназия\".',53.1429,29.226,0),(25,'Здание','ул. Социалистическая, 103/37','Построено в начале ХХ в. Памятник стиля \"модерн\".\nДвухэтажное кирпичное здание, декорировано пилястрами, полуколоннами, полукруглым обрамлением окон. Фасад раскрепован междуэтажным поясом, фланкирован пилястрами и колоннами, завершен профилированным карнизом. Окна с лучковыми перемычками орнаментированы подоконными нишами.\nВ 1975 г. в память о деятельности в годы Великой Отечественной войны подпольной группы Бобруйского подполья под руководством П.М.Стержанова на здании установлена мемориальная доска.\nВ настоящее время здесь размещается РУП \"Бобруйская укрупнённая типография им. А.Т.Непогодина\", специализирующаяся на издании печатной продукции, выпуске бланков ценных бумаг и документов.\nВ одном корпусе с типографией размещается редакция городской газеты \"Бабруйскае жыццё\", основанной в 1918 году. В разные годы с газетой сотрудничали Михась Лыньков, Пимен Панченко, Платон Головач, Василь Витка, Борис Микулич, Сергей Граховский, Микола Аврамчик и другие известные белорусские писатели и поэты.',53.1375,29.2267,0),(26,'Дом коллектива','ул. Пролетарская,17','Построен в 1930-е годы по проекту М.Кацнельсон как жилой дом коммунального типа. Памятник стиля «конструктивизм».\nКирпичное четырехэтажное здание ступенчатой объемно-просторной композиции, в плане П-образное. Состоит их 11 типовых секций. Центр главного фасада выделен трёхугольным фронтоном. На втором этаже расположены террасы с балюстрадами. Квартиры объединены вокруг лестничных клеток, предусмотрены помещения общего пользования.\nВ настоящее время используется как жилой дом.',53.1416,29.2231,0),(27,'Здание','ул. Пушкина, 136/52','Построено в 1900 году. Памятник архитектуры стиля \"модерн\". Одноэтажное здание. Фасад расчленён рустованными пилястрами, переходящими в башенки с зубчиками. Плоскости между пилястрами декорированы выступами сложной формы, подоконными нишами. Окна прямоугольные, обрамлённые наличниками. Вход в здание обозначен выступающим порталом, завершённым аттиком сложной формы. Фасад завершен карнизом.\nВ настоящее время здесь располагается учреждение культуры \"Городская детская библиотека № 6 им. Н. Островского\".',53.1349,29.2231,0),(28,'Здание железнодорожного вокзала','станции «Бобруйск»','Построено в 1900 году. Одноэтажное кирпичное здание. Фасад декорирован пилястрами. Оконные проемы прямоугольной формы, с подоконными нишами.\nВ 2003 году произведена реконструкция здания вокзала с надстройкой центральной части.',53.1379,29.1953,0),(29,'Здание железнодорожного вокзала\n','станции «Березина»','Построено в 1908 году. Одноэтажное кирпичное здание. Фасад декорирован пилястрами, полукруглым обрамлением окон, завершен профильным карнизом. Окна с лучковыми перемычками.',53.1309,29.2494,0),(30,'Свято-Николаевский кафедральный собор','ул. Советская, 76','Древнейшая городская церковь. До 1812 года находилась вблизи реки Березина. В 1892 году собор построен в центре города на средства, отведены государственной казной, и церковные пожертвования. Освящен в 1894 году.\nПравославные горожане издавна считали святителя Николая защитником своего города, поэтому Свято-Николаевский собор всегда был центром духовной жизни Бобруйска.',53.1388,29.2252,0),(31,'Костел Непорочного зачатия Пресвятой Девы Марии','ул. Октябрьская, 121','Построен в начале ХХ века в неоготическом стиле из красного кирпича. Главной алтарной иконой была \"Матерь Божья непорочная\" (копия известной картины испанского художника ХУ11 в. Мурильо).',53.1421,29.2187,1),(32,'Свято-Георгиевский храм','ул. Карбышева, 4','Освящен в 1907 году в честь Святого Георгия - покровителя воинов. Построен как церковь для воинов Кутаисского и Имеретинского полков, дислоцировавшихся на территории Бобруйской крепости.',53.1445,29.2363,1);
/*!40000 ALTER TABLE `attractions` ENABLE KEYS */;
UNLOCK TABLES;

--
-- Table structure for table `imgs`
--

DROP TABLE IF EXISTS `imgs`;
/*!40101 SET @saved_cs_client     = @@character_set_client */;
/*!50503 SET character_set_client = utf8mb4 */;
CREATE TABLE `imgs` (
  `Id` int NOT NULL AUTO_INCREMENT,
  `Attraction_Id` int DEFAULT NULL,
  `Img_Src` text,
  PRIMARY KEY (`Id`),
  UNIQUE KEY `imgs_Id_uindex` (`Id`),
  KEY `imgs_attractions_Id_fk` (`Attraction_Id`),
  CONSTRAINT `imgs_attractions_Id_fk` FOREIGN KEY (`Attraction_Id`) REFERENCES `attractions` (`Id`)
) ENGINE=InnoDB DEFAULT CHARSET=utf8mb4 COLLATE=utf8mb4_0900_ai_ci;
/*!40101 SET character_set_client = @saved_cs_client */;

--
-- Dumping data for table `imgs`
--

LOCK TABLES `imgs` WRITE;
/*!40000 ALTER TABLE `imgs` DISABLE KEYS */;
INSERT INTO `imgs` VALUES (1,1,'http://bobruisk.by/i/krepost1.jpg'),(2,1,'http://bobruisk.by/i/krepost2.jpg'),(3,1,'http://bobruisk.by/i/krepost3.jpg'),(4,1,'http://bobruisk.by/i/krepost4.jpg'),(5,2,'http://bobruisk.by/i/tank.jpg'),(6,3,'http://bobruisk.by/i/pam_leninu.jpg'),(7,4,'http://bobruisk.by/i/dednovo1.jpg'),(8,4,'http://bobruisk.by/i/dednovo2.jpg'),(9,4,'http://bobruisk.by/i/dednovo3.jpg'),(10,4,'http://bobruisk.by/i/dednovo4.jpg'),(11,5,'http://bobruisk.by/i/sovetskaya79.jpg'),(12,6,'http://bobruisk.by/i/zdanie_banka.jpg'),(13,7,'http://bobruisk.by/i/sovetskaya45.jpg'),(14,8,'http://bobruisk.by/i/pushkina21.jpg'),(15,9,'http://bobruisk.by/i/internac25.jpg'),(16,10,'http://bobruisk.by/i/memorial_minskaya1.jpg'),(17,10,'http://bobruisk.by/i/memorial_minskaya2.jpg'),(18,11,'http://bobruisk.by/i/vechniy_ogon.jpg'),(19,12,'http://bobruisk.by/i/internac38.jpg'),(20,13,'http://bobruisk.by/i/skver_socialistich.jpg'),(21,14,'http://bobruisk.by/i/praviy_bereg_berezina.jpg'),(22,15,'http://bobruisk.by/i/voiny_internacionalisty.jpg'),(23,16,'http://bobruisk.by/i/pam_znak_bobruichan.jpg'),(24,17,'http://bobruisk.by/i/dneprovskoy_flotilii.jpg'),(25,18,'http://bobruisk.by/i/alleya_pravednikov.jpg'),(26,19,'http://bobruisk.by/i/dunin_marzinkevich.jpg'),(27,20,'http://bobruisk.by/i/very_horujey_bust.jpg'),(29,21,'http://bobruisk.by/i/bust_olovnikovu.jpg'),(30,22,'http://bobruisk.by/i/gostinica_bobruisk.jpg'),(31,23,'http://bobruisk.by/i/ispolkom1.jpg'),(32,24,'http://bobruisk.by/i/socialistic119.jpg'),(33,25,'http://bobruisk.by/i/socialistic103.jpg'),(34,26,'http://bobruisk.by/i/dom_kollektiva.jpg'),(35,27,'http://bobruisk.by/i/pushkina13652.jpg'),(36,28,'http://bobruisk.by/i/vokzal_bobruisk.jpg'),(37,29,'http://bobruisk.by/i/vokzal_berezina.jpg'),(38,30,'http://bobruisk.by/i/sovetskaya76.jpg'),(39,31,'http://bobruisk.by/i/kostel1.jpg'),(40,31,'http://bobruisk.by/i/kostel2.jpg'),(41,32,'http://bobruisk.by/i/svyato_georg_hram.jpg');
/*!40000 ALTER TABLE `imgs` ENABLE KEYS */;
UNLOCK TABLES;

--
-- Table structure for table `users`
--

DROP TABLE IF EXISTS `users`;
/*!40101 SET @saved_cs_client     = @@character_set_client */;
/*!50503 SET character_set_client = utf8mb4 */;
CREATE TABLE `users` (
  `Id` int NOT NULL AUTO_INCREMENT,
  `Telegram_id` bigint DEFAULT NULL,
  `Number_of_likes` int DEFAULT '0',
  PRIMARY KEY (`Id`),
  UNIQUE KEY `users_Id_uindex` (`Id`),
  UNIQUE KEY `users_Telegram_id_uindex` (`Telegram_id`)
) ENGINE=InnoDB AUTO_INCREMENT=21 DEFAULT CHARSET=utf8mb4 COLLATE=utf8mb4_0900_ai_ci;
/*!40101 SET character_set_client = @saved_cs_client */;

--
-- Dumping data for table `users`
--

LOCK TABLES `users` WRITE;
/*!40000 ALTER TABLE `users` DISABLE KEYS */;
INSERT INTO `users` VALUES (13,1047048746,8),(14,788321090,2),(15,955172812,1),(16,5137610728,0),(17,719799882,0),(18,1702686528,0),(19,1153923077,0);
/*!40000 ALTER TABLE `users` ENABLE KEYS */;
UNLOCK TABLES;

--
-- Table structure for table `users_like`
--

DROP TABLE IF EXISTS `users_like`;
/*!40101 SET @saved_cs_client     = @@character_set_client */;
/*!50503 SET character_set_client = utf8mb4 */;
CREATE TABLE `users_like` (
  `id` int NOT NULL AUTO_INCREMENT,
  `Attraction_id` int DEFAULT NULL,
  `Telegram_user_id` int DEFAULT NULL,
  UNIQUE KEY `table_name_id_uindex` (`id`)
) ENGINE=InnoDB AUTO_INCREMENT=31 DEFAULT CHARSET=utf8mb4 COLLATE=utf8mb4_0900_ai_ci;
/*!40101 SET character_set_client = @saved_cs_client */;

--
-- Dumping data for table `users_like`
--

LOCK TABLES `users_like` WRITE;
/*!40000 ALTER TABLE `users_like` DISABLE KEYS */;
INSERT INTO `users_like` VALUES (20,28,788321090),(25,32,955172812),(26,32,788321090),(29,28,1047048746),(30,24,1047048746);
/*!40000 ALTER TABLE `users_like` ENABLE KEYS */;
UNLOCK TABLES;
/*!40103 SET TIME_ZONE=@OLD_TIME_ZONE */;

/*!40101 SET SQL_MODE=@OLD_SQL_MODE */;
/*!40014 SET FOREIGN_KEY_CHECKS=@OLD_FOREIGN_KEY_CHECKS */;
/*!40014 SET UNIQUE_CHECKS=@OLD_UNIQUE_CHECKS */;
/*!40101 SET CHARACTER_SET_CLIENT=@OLD_CHARACTER_SET_CLIENT */;
/*!40101 SET CHARACTER_SET_RESULTS=@OLD_CHARACTER_SET_RESULTS */;
/*!40101 SET COLLATION_CONNECTION=@OLD_COLLATION_CONNECTION */;
/*!40111 SET SQL_NOTES=@OLD_SQL_NOTES */;

-- Dump completed on 2022-10-21  9:41:09
